,defect_type,roc_auc
0,bottle,1.0
1,cable,0.9443403298350824
2,capsule,0.895492620662146
3,carpet,0.8852327447833066
4,grid,1.0
5,hazelnut,0.9864285714285714
6,leather,1.0
7,metal_nut,0.9887585532746823
8,pill,0.9680851063829787
9,screw,0.8442303750768599
10,tile,0.9963924963924964
11,toothbrush,0.9888888888888889
12,transistor,0.9954166666666667
13,wood,0.9956140350877194
14,zipper,1.0
