,defect_type,roc_auc
0,bottle,1.0
1,cable,0.907983508245877
2,capsule,0.9309932189868368
3,carpet,0.901685393258427
4,grid,1.0
5,hazelnut,0.9967857142857143
6,leather,1.0
7,metal_nut,0.9828934506353861
8,pill,0.9489907255864702
9,screw,0.8116417298626768
10,tile,0.9935064935064936
11,toothbrush,0.9944444444444445
12,transistor,0.9854166666666666
13,wood,1.0
14,zipper,1.0
